{"cameraMode":{"drawMode":0,"name":"Shaded","section":"Shading Mode"},"sceneLighting":true,"audioPlay":false,"sceneViewState":{"showFog":true,"showMaterialUpdate":false,"showSkybox":true,"showFlares":true,"showImageEffects":true,"showParticleSystems":true},"in2DMode":false,"pivot":{"x":-0.6825389862060547,"y":2.55006742477417,"z":-0.07122325897216797},"rotation":{"x":-0.07812371850013733,"y":0.8616297245025635,"z":-0.13976523280143739,"w":-0.48161956667900088},"size":4.715006351470947,"orthographic":false}